{"cameraMode":{"drawMode":0,"name":"Shaded","section":"Shading Mode"},"sceneLighting":true,"audioPlay":false,"sceneViewState":{"showFog":true,"showMaterialUpdate":false,"showSkybox":true,"showFlares":true,"showImageEffects":true,"showParticleSystems":true},"in2DMode":false,"pivot":{"x":1.895472526550293,"y":-3.325314998626709,"z":1.3617687225341797},"rotation":{"x":-0.11581367254257202,"y":0.8822574615478516,"z":-0.3521900773048401,"w":-0.29011955857276919},"size":20.417497634887697,"orthographic":false}